Workbook

Sheet Results
A1: QP | B1: File size (bytes) | C1: File size (KiB) | D1: Size vs QP0 (%) | E1: FPS | F1: Time (s) | G1: Bitrate (kb/s) | H1: Compression ratio
A2: 0 | B2: 16267365 | C2: =B2/1024 | D2: =B2/$B$2*100 | E2: 103.81 | F2: 2.936 | G2: 10844.91 | H2: =45619200/B2
A3: 1 | B3: 17715747 | C3: =B3/1024 | D3: =B3/$B$2*100 | E3: 70.34 | F3: 4.318 | G3: 11810.5 | H3: =45619200/B3
A4: 2 | B4: 16726355 | C4: =B4/1024 | D4: =B4/$B$2*100 | E4: 75.76 | F4: 4.019 | G4: 11150.9 | H4: =45619200/B4
A5: 3 | B5: 15647835 | C5: =B5/1024 | D5: =B5/$B$2*100 | E5: 80.86 | F5: 3.759 | G5: 10431.89 | H5: =45619200/B5
A6: 4 | B6: 14660429 | C6: =B6/1024 | D6: =B6/$B$2*100 | E6: 81.81 | F6: 3.722 | G6: 9773.62 | H6: =45619200/B6
A7: 5 | B7: 13564351 | C7: =B7/1024 | D7: =B7/$B$2*100 | E7: 75.91 | F7: 4.164 | G7: 9042.9 | H7: =45619200/B7
A8: 6 | B8: 12395251 | C8: =B8/1024 | D8: =B8/$B$2*100 | E8: 75.55 | F8: 4.025 | G8: 8263.5 | H8: =45619200/B8
A9: 7 | B9: 11287767 | C9: =B9/1024 | D9: =B9/$B$2*100 | E9: 86.51 | F9: 3.524 | G9: 7525.18 | H9: =45619200/B9
A10: 8 | B10: 10076348 | C10: =B10/1024 | D10: =B10/$B$2*100 | E10: 86.33 | F10: 3.544 | G10: 6717.57 | H10: =45619200/B10
A11: 9 | B11: 8971923 | C11: =B11/1024 | D11: =B11/$B$2*100 | E11: 96.03 | F11: 3.183 | G11: 5981.28 | H11: =45619200/B11
A12: 10 | B12: 7907237 | C12: =B12/1024 | D12: =B12/$B$2*100 | E12: 98.07 | F12: 3.14 | G12: 5271.49 | H12: =45619200/B12
A13: 11 | B13: 6925403 | C13: =B13/1024 | D13: =B13/$B$2*100 | E13: 99.83 | F13: 3.068 | G13: 4616.94 | H13: =45619200/B13
... A53: 51 | B53: 42844 | C53: =B53/1024 | D53: =B53/$B$2*100 | E53: 460.12 | F53: 0.698 | G53: 28.56 | H53: =45619200/B53

Sheet Summary
A1: Input | B1: foreman-cif.yuv
A2: Resolution | B2: 352x288
A3: Runs per QP (speed averaged) | B3: 1
A5: Largest file (bytes) | B5: =MAX(Results!B2:B53)
A6: Smallest file (bytes) | B6: =MIN(Results!B2:B53)
A7: Size reduction QP min -> QP max (x) | B7: =Results!B2/Results!B53
A8: Slowest FPS | B8: =MIN(Results!E2:E53)
A9: Fastest FPS | B9: =MAX(Results!E2:E53)
A10: Speed-up QP min -> QP max (x) | B10: =Results!E53/Results!E2
A11: Avg size change per +1 QP (%) | B11: =(Results!B53/Results!B2)^(1/51)*100-100
